{
  "train_loss": [
    2.91470958505358,
    2.8026456164789724,
    2.7116101875409977,
    2.6776393285164466,
    2.6418892112407057,
    2.627708851636111,
    2.591104335837312,
    2.5949564425499885,
    2.5748508474329017,
    2.5672277133543413,
    2.540967963554047,
    2.5244333364151337,
    2.52277117902106,
    2.488115360448649,
    2.4865902531278,
    2.458342147397471,
    2.429871467443613,
    2.440145867211478,
    2.4197212772054986,
    2.41322774546487,
    2.4018831017253164,
    2.370920100054898,
    2.401506251031226,
    2.389387249291598,
    2.3781740265888174,
    2.3759413132300744,
    2.3973360507042853,
    2.3822586981804816,
    2.379072226010836,
    2.378905657883529
  ],
  "train_acc": [
    7.896551724137931,
    8.206896551724139,
    8.551724137931034,
    9.137931034482758,
    8.551724137931034,
    9.379310344827585,
    10.206896551724139,
    8.827586206896552,
    9.724137931034482,
    9.482758620689655,
    11.448275862068966,
    11.689655172413794,
    11.448275862068966,
    13.03448275862069,
    12.310344827586206,
    13.0,
    12.551724137931034,
    13.758620689655173,
    13.172413793103448,
    13.827586206896552,
    14.137931034482758,
    15.586206896551724,
    14.724137931034482,
    14.03448275862069,
    13.862068965517242,
    13.827586206896552,
    13.793103448275861,
    13.03448275862069,
    14.862068965517242,
    13.620689655172415
  ],
  "val_loss": [
    2.6015977676098165,
    2.5850404837192635,
    2.576407933846498,
    2.564699900455964,
    2.5584188608022838,
    2.546950022379557,
    2.567680456699469,
    2.551895795724331,
    2.5364692761347842,
    2.5329468494806533,
    2.5409271166874814,
    2.523480690442599,
    2.493859107677753,
    2.476470824999687,
    2.5255529452592897,
    2.4507315770173683,
    2.4749599664639206,
    2.4443027056180515,
    2.4582094290317635,
    2.3855545826447315,
    2.447998285293579,
    2.401435925410344,
    2.4585472498184595,
    2.3895044204516287,
    2.404678534238766,
    2.430619845023522,
    2.46280732521644,
    2.436211054141705,
    2.4172505415402927,
    2.416704202309633
  ],
  "val_acc": [
    7.407407407407407,
    7.085346215780999,
    6.602254428341385,
    7.085346215780999,
    8.051529790660226,
    8.695652173913043,
    6.4412238325281805,
    6.9243156199677935,
    11.43317230273752,
    9.017713365539452,
    7.407407407407407,
    8.856682769726248,
    10.789049919484702,
    9.98389694041868,
    9.017713365539452,
    11.43317230273752,
    10.144927536231885,
    14.331723027375201,
    13.20450885668277,
    13.526570048309178,
    13.526570048309178,
    12.238325281803542,
    14.009661835748792,
    14.331723027375201,
    13.848631239935587,
    13.20450885668277,
    11.75523349436393,
    13.20450885668277,
    14.492753623188406,
    14.65378421900161
  ],
  "lr": [
    0.001,
    0.0009972636867364526,
    0.000989084726566536,
    0.0009755527298894295,
    0.0009568159560924792,
    0.0009330796891903274,
    0.0009046039886902865,
    0.0008717008403259585,
    0.0008347307378762498,
    0.0007940987335200904,
    0.00075025,
    0.0007036649532163624,
    0.0006548539886902864,
    0.0006043518895634709,
    0.0005527119674021931,
    0.0005005000000000002,
    0.00044828803259780724,
    0.0003966481104365292,
    0.00034614601130971383,
    0.00029733504678363786,
    0.00025075000000000016,
    0.00020690126647990976,
    0.0001662692621237505,
    0.00012929915967404166,
    9.639601130971383e-05,
    6.792031080967288e-05,
    4.418404390752082e-05,
    2.5447270110570814e-05,
    1.1915273433464061e-05,
    3.736313263547436e-06
  ]
}