{
  "train_loss": [
    2.487389843542497,
    2.248967225080008,
    2.1632700844125434,
    2.0775609881013306,
    1.9947023804371173,
    1.9565561846062378,
    1.9217621408976042,
    1.8422578023030207,
    1.7613047263124486,
    1.725762705226521,
    1.6439276422773088,
    1.6139431179879786,
    1.5596533109853556,
    1.5325190205495436,
    1.453135379395642,
    1.4134892628088103,
    1.3962551407761625,
    1.3436655497157968,
    1.318207601924519,
    1.3217685180050986,
    1.2812257323946272,
    1.2178320966579101,
    1.2232098402557792,
    1.1816003492900304,
    1.1831256236348833,
    1.1577530460698264,
    1.1558771595195099,
    1.156424609514383,
    1.1403452488747272,
    1.1317617012249244
  ],
  "train_acc": [
    14.10344827586207,
    20.689655172413794,
    23.620689655172413,
    25.448275862068964,
    29.517241379310345,
    30.79310344827586,
    33.86206896551724,
    34.793103448275865,
    37.62068965517241,
    38.793103448275865,
    41.62068965517241,
    43.55172413793103,
    44.275862068965516,
    45.310344827586206,
    48.0,
    48.93103448275862,
    49.93103448275862,
    52.48275862068966,
    52.37931034482759,
    52.3448275862069,
    54.310344827586206,
    55.51724137931034,
    56.06896551724138,
    57.41379310344828,
    57.41379310344828,
    57.689655172413794,
    58.724137931034484,
    57.96551724137931,
    58.758620689655174,
    59.172413793103445
  ],
  "val_loss": [
    2.349056366162422,
    2.3972467398032165,
    2.016278807933514,
    2.1012292091663065,
    1.8958100783519256,
    1.743188582933866,
    1.649167776107788,
    1.7408940303019989,
    1.6248444991234021,
    1.4964332244335077,
    1.4109707505275042,
    1.4888417353996863,
    1.4992426817233746,
    1.25258264480493,
    1.2963868425442622,
    1.1086253447410388,
    1.0888295968373616,
    1.0695413228793023,
    1.0147727269392748,
    0.9969460085416452,
    0.9589836154228601,
    0.947739568276283,
    0.9237413994776897,
    0.9191773938827026,
    0.8964793460491376,
    0.8817840302601839,
    0.8954564332962036,
    0.8865249661298898,
    0.8715421565068073,
    0.872535730783756
  ],
  "val_acc": [
    16.42512077294686,
    16.74718196457327,
    28.502415458937197,
    25.764895330112722,
    31.723027375201287,
    38.16425120772947,
    40.74074074074074,
    39.774557165861516,
    38.486312399355874,
    42.351046698872786,
    47.987117552334944,
    44.76650563607085,
    43.15619967793881,
    52.65700483091788,
    50.24154589371981,
    57.809983896940416,
    59.09822866344606,
    57.326892109500804,
    61.030595813204506,
    62.15780998389694,
    64.4122383252818,
    64.2512077294686,
    64.73429951690821,
    65.21739130434783,
    66.98872785829307,
    67.9549114331723,
    66.66666666666667,
    66.82769726247987,
    67.4718196457327,
    68.1159420289855
  ],
  "lr": [
    0.001,
    0.0009972636867364526,
    0.000989084726566536,
    0.0009755527298894295,
    0.0009568159560924792,
    0.0009330796891903274,
    0.0009046039886902865,
    0.0008717008403259585,
    0.0008347307378762498,
    0.0007940987335200904,
    0.00075025,
    0.0007036649532163624,
    0.0006548539886902864,
    0.0006043518895634709,
    0.0005527119674021931,
    0.0005005000000000002,
    0.00044828803259780724,
    0.0003966481104365292,
    0.00034614601130971383,
    0.00029733504678363786,
    0.00025075000000000016,
    0.00020690126647990976,
    0.0001662692621237505,
    0.00012929915967404166,
    9.639601130971383e-05,
    6.792031080967288e-05,
    4.418404390752082e-05,
    2.5447270110570814e-05,
    1.1915273433464061e-05,
    3.736313263547436e-06
  ]
}