{
  "train_loss": [
    2.9797569321047876,
    2.866633176803589,
    2.8480008725197083,
    2.723836468112084,
    2.701201892668201,
    2.6834955830727854,
    2.6105601941385577,
    2.6416938766356437,
    2.595812705255324,
    2.566392521704397,
    2.5807492271546395,
    2.532327590450164,
    2.5695406083137757,
    2.558499405460973,
    2.5265861941922094,
    2.5159322907847743,
    2.5368437074845835,
    2.5044257333201747,
    2.5160699275232132,
    2.5095632460809525,
    2.493754825284404,
    2.491244762174545,
    2.4914787892372376,
    2.485011254587481,
    2.4780414489007767,
    2.4687385174535934,
    2.4592441666510796,
    2.4392161753869828,
    2.4675254667958906,
    2.448770853780931,
    2.4212212947107132,
    2.409539730318131,
    2.422723900887274,
    2.4469473977242746,
    2.392697988017913,
    2.436467639861568,
    2.4291392141772854,
    2.407761981410365,
    2.391591202828192,
    2.4161060702416206,
    2.411168013849566
  ],
  "train_acc": [
    9.77366255144033,
    11.419753086419753,
    12.448559670781894,
    12.448559670781894,
    11.008230452674898,
    13.580246913580247,
    14.300411522633745,
    15.74074074074074,
    15.432098765432098,
    16.76954732510288,
    16.56378600823045,
    19.032921810699587,
    17.078189300411523,
    16.76954732510288,
    17.901234567901234,
    16.46090534979424,
    17.901234567901234,
    17.078189300411523,
    16.152263374485596,
    17.386831275720166,
    18.106995884773664,
    17.386831275720166,
    18.621399176954732,
    20.061728395061728,
    18.31275720164609,
    19.54732510288066,
    19.34156378600823,
    19.54732510288066,
    18.51851851851852,
    19.54732510288066,
    20.267489711934157,
    19.34156378600823,
    19.34156378600823,
    18.724279835390945,
    21.39917695473251,
    20.781893004115226,
    19.135802469135804,
    19.958847736625515,
    20.473251028806583,
    20.16460905349794,
    20.5761316872428
  ],
  "val_loss": [
    2.585932731628418,
    2.4431090695517406,
    2.505894115992955,
    2.478964465005057,
    2.558251074382237,
    2.466488633837019,
    2.4294985021863664,
    2.45689971106393,
    2.4152890614100864,
    2.4324211393083846,
    2.432780623435974,
    2.449582747050694,
    2.5097125938960483,
    2.481468711580549,
    2.4450410093579973,
    2.4300402913774763,
    2.414226770401001,
    2.4580045427594865,
    2.4473465170179094,
    2.452428545270647,
    2.444415773664202,
    2.456725631441389,
    2.425243752343314,
    2.42569477217538,
    2.423478501183646,
    2.3974187714712962,
    2.4060203347887312,
    2.4270876135144914,
    2.420774221420288,
    2.425008705684117,
    2.4098033564431325,
    2.435539926801409,
    2.4358936718532016,
    2.415159225463867,
    2.417577334812709,
    2.413111141749791,
    2.414942196437291,
    2.406210320336478,
    2.412778173174177,
    2.4078822135925293,
    2.3974923065730502
  ],
  "val_acc": [
    9.178743961352657,
    21.256038647342994,
    21.256038647342994,
    21.256038647342994,
    21.256038647342994,
    21.256038647342994,
    21.256038647342994,
    21.256038647342994,
    21.256038647342994,
    21.256038647342994,
    21.256038647342994,
    21.256038647342994,
    21.256038647342994,
    21.256038647342994,
    21.256038647342994,
    21.256038647342994,
    21.256038647342994,
    21.256038647342994,
    21.256038647342994,
    21.256038647342994,
    21.73913043478261,
    21.73913043478261,
    21.73913043478261,
    22.22222222222222,
    21.256038647342994,
    21.256038647342994,
    21.256038647342994,
    21.256038647342994,
    20.77294685990338,
    21.256038647342994,
    20.77294685990338,
    20.77294685990338,
    21.256038647342994,
    21.256038647342994,
    21.256038647342994,
    21.73913043478261,
    21.73913043478261,
    22.22222222222222,
    21.73913043478261,
    22.22222222222222,
    21.73913043478261
  ],
  "lr": [
    0.001,
    0.0009990143508499217,
    0.0009960612933065818,
    0.00099115248173898,
    0.0009843072889837512,
    0.0009755527298894294,
    0.0009649233547011816,
    0.0009524611127067769,
    0.0009382151866819099,
    0.0009222417987882566,
    0.0009046039886902864,
    0.0008853713647665069,
    0.0008646198293969952,
    0.0008424312794113801,
    0.0008188932828794706,
    0.0007940987335200906,
    0.0007681454840920089,
    0.0007411359602138069,
    0.0007131767561367538,
    0.0006843782140659967,
    0.0006548539886902863,
    0.0006247205986388449,
    0.0005940969666355696,
    0.0005631039501653701,
    0.0005318638645048921,
    0.0005005,
    0.00046913613549510796,
    0.00043789604983463003,
    0.00040690303336443054,
    0.000376279401361155,
    0.00034614601130971394,
    0.00031662178593400354,
    0.00028782324386324626,
    0.00025986403978619317,
    0.00023285451590799105,
    0.0002069012664799097,
    0.00018210671712052946,
    0.00015856872058861996,
    0.00013638017060300502,
    0.0001156286352334933,
    9.639601130971378e-05
  ]
}