{
  "train_loss": [
    0.9883225756687123,
    0.8440830669887773,
    0.7815900982081235,
    0.7373305642670327,
    0.6674312130435482,
    0.6230294602094116,
    0.6142616900768909,
    0.5844664925729836,
    0.5749690170798983,
    0.5553330232153882,
    0.5189443104542218,
    0.5313137412726224,
    0.5105038730652778,
    0.4800356443111713,
    0.45561558163755544,
    0.4614677127491642,
    0.452977638732601,
    0.4197261788687863,
    0.4240248732186936,
    0.4243962128165659
  ],
  "train_acc": [
    51.55172413793103,
    60.0,
    65.06896551724138,
    67.0,
    70.44827586206897,
    71.27586206896552,
    73.06896551724138,
    74.17241379310344,
    75.17241379310344,
    75.79310344827586,
    78.34482758620689,
    77.82758620689656,
    79.93103448275862,
    81.41379310344827,
    81.34482758620689,
    81.20689655172414,
    82.48275862068965,
    83.62068965517241,
    83.6896551724138,
    82.79310344827586
  ],
  "val_loss": [
    0.9051254483369681,
    0.7769637275964786,
    0.6444907012658242,
    0.5919447227930411,
    0.5422858362778639,
    0.5136221440938803,
    0.5039533479855611,
    0.4468042735870068,
    0.5216626135202554,
    0.4714288170903157,
    0.5079291887008227,
    0.3881107052931419,
    0.36885112409408277,
    0.40213424349442506,
    0.33200005117135173,
    0.336031195635979,
    0.3381926138431598,
    0.3182738748116371,
    0.3150096300702829,
    0.3271624308366042
  ],
  "val_acc": [
    66.02254428341385,
    55.87761674718197,
    66.18357487922705,
    77.45571658615137,
    76.32850241545894,
    76.16747181964573,
    74.55716586151368,
    78.42190016103059,
    80.83735909822866,
    80.67632850241546,
    73.91304347826087,
    86.63446054750402,
    83.57487922705315,
    82.76972624798712,
    85.34621578099839,
    85.5072463768116,
    86.15136876006441,
    88.56682769726248,
    86.31239935587762,
    86.47342995169082
  ],
  "lr": [
    0.001,
    0.0009938503261272714,
    0.0009755527298894295,
    0.0009455577588320899,
    0.0009046039886902865,
    0.0008536998372026806,
    0.0007940987335200905,
    0.0007272682546199038,
    0.0006548539886902865,
    0.0005786390152875956,
    0.0005005000000000002,
    0.000422360984712405,
    0.00034614601130971394,
    0.0002737317453800965,
    0.00020690126647990978,
    0.00014730016279731957,
    9.639601130971382e-05,
    5.54422411679103e-05,
    2.5447270110570818e-05,
    7.149673872728741e-06
  ]
}